feature,importance
Curricular units 2nd sem (approved),0.1391891929910193
Curricular units 2nd sem (grade),0.10568489104637677
Curricular units 1st sem (approved),0.08691456185449441
Curricular units 1st sem (grade),0.07297335619548774
Curricular units 2nd sem (evaluations),0.050626161547087344
Age at enrollment,0.04700827604498323
Curricular units 1st sem (evaluations),0.04581741313269066
Tuition fees up to date,0.0432543603948252
Course,0.03823767194908093
Father's occupation,0.0348122749283012
Mother's occupation,0.03146558570174844
Unemployment rate,0.027657343914335643
GDP,0.027385365416113385
Inflation rate,0.025581485117486296
Mother's qualification,0.02514822178095852
Application mode,0.024530206287638093
Father's qualification,0.023778120771624518
Curricular units 2nd sem (enrolled),0.022588709973497368
Curricular units 1st sem (enrolled),0.022534977828155972
Scholarship holder,0.018898907585901844
Application order,0.015793280079866776
Gender,0.011599060674621015
Debtor,0.011114000168679871
Displaced,0.008992683775981003
Curricular units 1st sem (credited),0.007178645033258192
Previous qualification,0.007071600393372542
Curricular units 2nd sem (credited),0.006822879983453803
Curricular units 1st sem (without evaluations),0.004458298489004514
Curricular units 2nd sem (without evaluations),0.004086391655708524
Marital status,0.004050195207863291
Daytime/evening attendance,0.002932344983583796
Nacionality,0.0009079875123043866
International,0.0006383597873457185
Educational special needs,0.00026718779314961966
