row_index,Target,predicted_status,probability_dropout,probability_enrolled,probability_graduate
0,Graduate,Graduate,0.06910570381998953,0.09123619832548403,0.8396580978545265
1,Graduate,Graduate,0.0742629513343799,0.34695839081553365,0.5787786578500865
2,Enrolled,Dropout,0.6592670391245473,0.31023414395738114,0.03049881691807158
3,Graduate,Graduate,0.032762008845259094,0.083373034220207,0.8838649569345339
4,Graduate,Graduate,0.058458206271014154,0.10104535147392292,0.8404964422550629
5,Graduate,Enrolled,0.2689786641929499,0.41428664192949893,0.3167346938775511
6,Graduate,Enrolled,0.11476298801065463,0.47909641316537854,0.4061405988239668
7,Graduate,Graduate,0.15549651953804783,0.40469576040423216,0.43980772005771995
8,Graduate,Graduate,0.1158566195709053,0.32349899703471124,0.5606443833943834
9,Graduate,Graduate,0.0476991341991342,0.3181051566363437,0.6341957091645222
10,Graduate,Graduate,0.06650453514739228,0.19226757369614514,0.7412278911564626
11,Enrolled,Enrolled,0.19985129949415664,0.6401592534449677,0.15998944706087562
12,Dropout,Dropout,0.8886445283588141,0.10532145803574375,0.006034013605442177
13,Dropout,Enrolled,0.428198416172734,0.5283125649987606,0.043489018828505185
14,Enrolled,Enrolled,0.2216950477160561,0.5398486364242667,0.23845631585967716
15,Enrolled,Enrolled,0.24092323504587665,0.5007979389583166,0.25827882599580715
16,Graduate,Enrolled,0.17674245595674168,0.42542916047537893,0.39782838356787936
17,Enrolled,Dropout,0.7418944547515977,0.22388785817357237,0.03421768707482993
18,Dropout,Dropout,0.9652324263038549,0.02722789115646258,0.00753968253968254
19,Dropout,Dropout,0.9308641974784502,0.0580678246057455,0.011067977915804002
20,Graduate,Graduate,0.04505752802793357,0.10258241758241762,0.8523600543896485
21,Dropout,Dropout,0.7831303854875282,0.1616179138321995,0.0552517006802721
22,Dropout,Dropout,0.8788309626881056,0.11950237064522784,0.0016666666666666668
23,Enrolled,Enrolled,0.4177453340310483,0.5630777952206524,0.01917687074829932
24,Graduate,Graduate,0.04595238095238096,0.039667724867724866,0.9143798941798944
25,Dropout,Graduate,0.1857292310863739,0.3710911031079098,0.4431796658057162
26,Enrolled,Dropout,0.7023230777159348,0.2933912079983509,0.004285714285714286
27,Enrolled,Enrolled,0.17914750175932437,0.7310379896786305,0.0898145085620455
28,Enrolled,Graduate,0.09315996701710984,0.24656817368095574,0.6602718593019344
29,Dropout,Dropout,0.7727596371882087,0.1364546485260771,0.09078571428571428
30,Enrolled,Enrolled,0.3149821686250257,0.36102009894867043,0.32399773242630386
31,Dropout,Dropout,0.8838786848072562,0.11540702947845803,0.0007142857142857143
32,Dropout,Enrolled,0.3696224489795918,0.5374727891156462,0.09290476190476188
33,Graduate,Graduate,0.019733586457838948,0.07075283446712016,0.9095135790750409
34,Dropout,Dropout,0.9539733665892605,0.024879045898913453,0.02114758751182592
35,Dropout,Dropout,0.4935159760874046,0.36495908060193766,0.14152494331065754
36,Dropout,Enrolled,0.11169652921202787,0.58558415274453,0.30271931804344204
37,Graduate,Graduate,0.12584013605442176,0.17949319727891158,0.6946666666666668
38,Dropout,Dropout,0.6684399092970523,0.237092970521542,0.09446712018140589
39,Graduate,Graduate,0.10281076066790353,0.21443898165326736,0.6827502576788289
40,Dropout,Dropout,0.6591700680272111,0.2758458049886622,0.06498412698412698
41,Dropout,Dropout,0.8787040816326528,0.11105782312925172,0.010238095238095237
42,Graduate,Graduate,0.022968232164660735,0.04218206000348857,0.9348497078318506
43,Graduate,Graduate,0.08810214388785816,0.19915933030103528,0.7127385258111065
44,Graduate,Graduate,0.2939897959183672,0.1318401360544218,0.5741700680272108
45,Enrolled,Enrolled,0.28942904268907477,0.46501852570472146,0.2455524316062037
46,Graduate,Graduate,0.04667307747351827,0.03390451081176888,0.9194224117147126
47,Graduate,Graduate,0.13290950319521744,0.4161433725005155,0.45094712430426714
48,Graduate,Graduate,0.07604988662131519,0.0739297052154195,0.8500204081632652
49,Graduate,Enrolled,0.088652133580705,0.584625959474699,0.3267219069445962
50,Graduate,Enrolled,0.2399637188208616,0.6567497665732961,0.10328651460584236
51,Graduate,Graduate,0.09813265306122446,0.1722901463615749,0.7295772005772007
52,Dropout,Dropout,0.8332346938775507,0.1462142857142857,0.020551020408163263
53,Dropout,Dropout,0.9812619047619048,0.01254761904761905,0.00619047619047619
54,Graduate,Graduate,0.07458503401360543,0.12576001511715795,0.7996549508692364
55,Dropout,Dropout,0.849296785380819,0.12758076563958917,0.02312244897959183
56,Dropout,Dropout,0.9056258503401361,0.08770748299319729,0.006666666666666666
57,Dropout,Enrolled,0.4084255983094992,0.534308962181364,0.05726543950913699
58,Enrolled,Enrolled,0.4208322927118285,0.519714330056272,0.05945337723189962
59,Dropout,Dropout,0.7100566893424034,0.24800113378684802,0.041942176870748304
60,Graduate,Graduate,0.04326723234096506,0.09235538731621681,0.864377380342818
61,Graduate,Graduate,0.03994517387374531,0.3335742194313621,0.6264806066948921
62,Graduate,Graduate,0.12190128918700346,0.24646208678539502,0.6316366240276013
63,Graduate,Graduate,0.11513769563769563,0.37178717689995894,0.5130751274623453
64,Graduate,Enrolled,0.08631818974676118,0.5227285690499975,0.3909532412032413
65,Graduate,Graduate,0.14066850674696105,0.40690293111780235,0.4524285621352364
66,Graduate,Graduate,0.1609152752009895,0.2557242836528551,0.5833604411461554
67,Graduate,Graduate,0.02310389610389611,0.2017446863913029,0.7751514175048008
68,Graduate,Graduate,0.09679942279942279,0.30820160791589357,0.5949989692846835
69,Dropout,Enrolled,0.33530478251906837,0.5680810142238714,0.09661420325706038
70,Enrolled,Enrolled,0.23960142238713672,0.6567443826015258,0.10365419501133787
71,Enrolled,Graduate,0.26633603553871027,0.27874603038811047,0.45491793407317915
72,Enrolled,Enrolled,0.35187291627580564,0.41056735782498216,0.23755972589921218
73,Dropout,Graduate,0.13754081632653065,0.2919501133786849,0.5705090702947849
74,Dropout,Dropout,0.964530582408402,0.03168018259935553,0.003789234992242511
75,Graduate,Graduate,0.11182286924897766,0.37925852746049793,0.5089186032905245
76,Graduate,Graduate,0.05806084656084657,0.05227110697310156,0.8896680464660517
77,Graduate,Enrolled,0.10462925170068027,0.5679285714285713,0.3274421768707482
78,Dropout,Graduate,0.3653637180736686,0.1927987887758951,0.4418374931504361
79,Enrolled,Graduate,0.207839208410637,0.13596598639455784,0.6561948051948051
80,Dropout,Dropout,0.45662448148597623,0.141393909519913,0.40198160899411056
81,Graduate,Graduate,0.0732883782883783,0.412612308326594,0.5140993133850278
82,Graduate,Graduate,0.04664131106988249,0.18996268810554529,0.7633960008245722
83,Graduate,Enrolled,0.12334534032108552,0.49291379223227766,0.3837408674466368
84,Dropout,Dropout,0.928858974358974,0.051694139194139184,0.019446886446886448
85,Graduate,Graduate,0.041336734693877546,0.42720959324718705,0.5314536720589353
86,Graduate,Graduate,0.07761955286093218,0.06829478458049888,0.8540856625585689
87,Graduate,Graduate,0.13937055046040014,0.2872282886703938,0.5734011608692059
88,Enrolled,Enrolled,0.20327128427128424,0.6162916408987836,0.180437074829932
89,Graduate,Graduate,0.18271088435374158,0.3828671468587435,0.43442196878751504
90,Enrolled,Dropout,0.5821607871351052,0.38789554551031286,0.029943667354582284
91,Graduate,Graduate,0.014952380952380953,0.07682067271352987,0.9082269463340892
92,Enrolled,Enrolled,0.2630691609977324,0.6610464852607708,0.07588435374149657
93,Graduate,Enrolled,0.18515136054421769,0.4879589835934374,0.3268896558623449
94,Enrolled,Graduate,0.15651443913461754,0.28535898929276565,0.5581265715726169
95,Dropout,Dropout,0.8296305916305916,0.16246464646464645,0.007904761904761904
96,Enrolled,Enrolled,0.3004759237028145,0.6101249833266641,0.08939909297052152
97,Graduate,Graduate,0.2878979591836734,0.3556528611444578,0.35644917967186884
98,Enrolled,Graduate,0.10316101989385097,0.19967304664812635,0.6971659334580229
99,Graduate,Graduate,0.16357142857142865,0.2683228458049886,0.5681057256235829
100,Dropout,Dropout,0.9748036114510278,0.01676004947433519,0.008436339074636947
101,Graduate,Graduate,0.28719614512471653,0.15381746031746035,0.558986394557823
102,Graduate,Graduate,0.036150793650793656,0.07512485771647262,0.8887243486327336
103,Dropout,Graduate,0.1758880798341368,0.18364760385813014,0.6404643163077329
104,Graduate,Graduate,0.025295847010132724,0.0629342403628118,0.9117699126270555
105,Graduate,Graduate,0.08444217687074829,0.2384814471243043,0.6770763760049474
106,Dropout,Dropout,0.8970714285714285,0.07005555555555557,0.03287301587301587
107,Graduate,Graduate,0.07083673469387755,0.35973295985060694,0.5694303054555155
108,Graduate,Enrolled,0.370662156584922,0.42094641170094355,0.20839143171413468
109,Enrolled,Enrolled,0.17736715028914277,0.5988085405613599,0.22382430914949716
110,Graduate,Graduate,0.29652040816326536,0.2167161410018553,0.48676345083487954
111,Enrolled,Enrolled,0.20857596371882095,0.5687253568093904,0.22269867947178884
112,Enrolled,Dropout,0.4968211708925994,0.40984096062667474,0.09333786848072563
113,Dropout,Dropout,0.7826340301302708,0.1614634755386635,0.05590249433106576
114,Dropout,Dropout,0.47063202720286984,0.23225453642760868,0.2971134363695214
115,Graduate,Graduate,0.05211739054596196,0.20955511948369093,0.7383274899703471
116,Graduate,Graduate,0.05697826163055273,0.012987121892782269,0.9300346164766651
117,Graduate,Enrolled,0.22679612451041023,0.5235136054421771,0.24969027004741293
118,Dropout,Dropout,0.45386394557823123,0.45180498866213165,0.09433106575963718
119,Enrolled,Enrolled,0.35005102040816327,0.5325317460317461,0.11741723356009066
120,Graduate,Graduate,0.06993877551020408,0.19523242630385482,0.7348287981859409
121,Graduate,Graduate,0.3425109902441571,0.2044524452894996,0.45303656446634366
122,Dropout,Dropout,0.49836322407750977,0.4650812203669345,0.036555555555555556
123,Graduate,Graduate,0.07133019361590791,0.07656159515088086,0.8521082112332111
124,Graduate,Graduate,0.010003447218546206,0.015018043352275157,0.9749785094291787
125,Graduate,Graduate,0.00538061938061938,0.01207221350078493,0.9825471671185957
126,Graduate,Graduate,0.04218550497121925,0.0632343450200593,0.8945801500087215
127,Graduate,Graduate,0.11770417048742171,0.3140631529936948,0.5682326765188834
128,Graduate,Enrolled,0.079252051183318,0.6276211715807406,0.29312677723594177
129,Graduate,Graduate,0.050547619047619056,0.24266447045018477,0.706787910502196
130,Dropout,Dropout,0.8253730158730159,0.16879365079365077,0.005833333333333333
131,Dropout,Dropout,0.5956737254477226,0.2681564333286187,0.13616984122365888
132,Graduate,Graduate,0.11890723562152135,0.2341284271284271,0.6469643372500513
133,Dropout,Enrolled,0.09526410097838668,0.4961909143610826,0.4085449846605308
134,Graduate,Graduate,0.0799029161831957,0.0317293956043956,0.8883676882124086
135,Dropout,Dropout,0.6060918367346936,0.3654002267573695,0.028507936507936513
136,Graduate,Graduate,0.07046543192651933,0.368859960230794,0.5606746078426865
137,Graduate,Graduate,0.05966583416583415,0.19119663669663667,0.7491375291375291
138,Graduate,Graduate,0.02277237210673743,0.0779248366013072,0.8993027912919555
139,Dropout,Dropout,0.5710684449218283,0.3274514478837787,0.10148010719439292
140,Enrolled,Enrolled,0.45181467738610614,0.524467635539064,0.023717687074829935
141,Enrolled,Enrolled,0.14583570397856116,0.4729509894867038,0.3812133065347351
142,Enrolled,Graduate,0.1696009070294785,0.23188662131519278,0.5985124716553288
143,Enrolled,Graduate,0.0844240619324653,0.39328150047897964,0.522294437588555
144,Graduate,Graduate,0.21167329495900922,0.11673486830629687,0.6715918367346938
145,Graduate,Graduate,0.12612244897959182,0.04193197278911565,0.8319455782312923
146,Dropout,Enrolled,0.38037551020408167,0.5798285714285711,0.039795918367346944
147,Graduate,Graduate,0.10400588697017267,0.20514865689865688,0.6908454561311705
148,Enrolled,Graduate,0.08381485927704416,0.24532191122062857,0.6708632295023271
149,Graduate,Graduate,0.08703184910327766,0.35797041847041844,0.5549977324263039
150,Dropout,Enrolled,0.41139522858094285,0.5737079460222321,0.014896825396825396
151,Dropout,Dropout,0.49525283446712015,0.30450752422180993,0.2002396413110699
152,Dropout,Dropout,0.488906462585034,0.29334126984126974,0.2177522675736962
153,Dropout,Enrolled,0.19112213117570265,0.5584176028997458,0.2504602659245516
154,Dropout,Dropout,0.5132374750901794,0.1426826707695916,0.34407985414022924
155,Enrolled,Dropout,0.5256337868480726,0.43495804988662135,0.03940816326530612
156,Enrolled,Dropout,0.5450362320366741,0.3732951126224013,0.08166865534092425
157,Dropout,Dropout,0.6514715340681727,0.3222189421223035,0.02630952380952381
158,Dropout,Dropout,0.981047619047619,0.01561904761904762,0.003333333333333333
159,Enrolled,Enrolled,0.16533830455259033,0.6025888397316967,0.232072855715713
160,Graduate,Graduate,0.11736848072562361,0.3352210884353741,0.5474104308390021
161,Dropout,Dropout,0.947472789115646,0.05086054421768708,0.0016666666666666666
162,Graduate,Graduate,0.06836404966158562,0.15786283013857436,0.7737731201998402
163,Graduate,Graduate,0.06015727922870779,0.3098963893249607,0.6299463314463315
164,Enrolled,Enrolled,0.29123149441920204,0.43381770665657704,0.274950798924221
165,Enrolled,Enrolled,0.24829614692915186,0.5681375069921869,0.1835663460786614
166,Enrolled,Enrolled,0.29941220075416575,0.4794664596568571,0.22112133958897723
167,Dropout,Dropout,0.9885714285714285,0.009523809523809525,0.0019047619047619048
168,Graduate,Graduate,0.03353189391698708,0.11065596963423051,0.8558121364487824
169,Dropout,Dropout,0.4804900020614306,0.39245392702535575,0.12705607091321378
170,Graduate,Graduate,0.0905585557299843,0.06776318643399389,0.8416782578360219
171,Dropout,Dropout,0.7667145949288806,0.20882962275819408,0.02445578231292517
172,Dropout,Dropout,0.5607732426303856,0.4167586778301063,0.02246807953950811
173,Graduate,Graduate,0.15170521541950116,0.4019006231863374,0.4463941613941616
174,Graduate,Graduate,0.043712018140589566,0.1412827434003905,0.81500523845902
175,Dropout,Dropout,0.5691214157605137,0.4289738223347246,0.0019047619047619048
176,Graduate,Graduate,0.1567412713513078,0.21570582635569946,0.6275529022929928
177,Enrolled,Enrolled,0.1963669552669553,0.7157713667285098,0.08786167800453515
178,Dropout,Dropout,0.9770068027210886,0.022993197278911564,0.0
179,Dropout,Dropout,0.8991349206349204,0.09700793650793653,0.0038571428571428576
180,Dropout,Dropout,0.964969387755102,0.02007823129251701,0.014952380952380953
181,Graduate,Graduate,0.12020724117152692,0.10694940377083238,0.7728433550576408
182,Enrolled,Enrolled,0.32310677353998896,0.49662892073772225,0.18026430572228896
183,Graduate,Graduate,0.023016673802388088,0.02404500261643119,0.9529383235811807
184,Graduate,Graduate,0.042164399092970525,0.1293673469387755,0.8284682539682536
185,Graduate,Graduate,0.037615268329554044,0.06365910874839448,0.8987256229220514
186,Dropout,Enrolled,0.25107239606772225,0.5837328361375191,0.1651947677947584
187,Graduate,Graduate,0.14947402597402598,0.35966236144807573,0.4908636125778983
188,Enrolled,Enrolled,0.2038305899874223,0.473859068352857,0.32231034165972056
189,Graduate,Graduate,0.12066855631141345,0.08273921305611448,0.796592230632472
190,Dropout,Dropout,0.46577210884353737,0.37112925170068023,0.16309863945578237
191,Graduate,Graduate,0.050334467120181414,0.10698752834467119,0.8426780045351474
192,Graduate,Graduate,0.09338002473716762,0.02435714285714286,0.8822628324056898
193,Enrolled,Dropout,0.5379403453689169,0.35761747776033476,0.10444217687074832
194,Graduate,Graduate,0.07873654538069885,0.34168440442396886,0.5795790501953322
195,Graduate,Graduate,0.11499799406942267,0.14638194345337197,0.7386200624772048
196,Dropout,Dropout,0.5719809317666459,0.2651698012538348,0.16284926697951904
197,Graduate,Graduate,0.34226854891140596,0.2552570921142351,0.40247435897435896
198,Enrolled,Enrolled,0.29082993197278917,0.4819189342403628,0.22725113378684816
199,Graduate,Graduate,0.1636734693877551,0.2543215316429602,0.5820049989692845
200,Graduate,Graduate,0.023265306122448978,0.08034539270253557,0.8963893011750156
201,Dropout,Dropout,0.9419481074481073,0.05233760683760683,0.005714285714285714
202,Graduate,Enrolled,0.23004868614112317,0.5623857183899198,0.20756559546895684
203,Graduate,Graduate,0.024204700061842915,0.07614610510586367,0.8996491948322932
204,Dropout,Enrolled,0.3559083178726035,0.48717339774047086,0.15691828438692548
205,Dropout,Enrolled,0.3015645307073878,0.5750277378448112,0.12340773144780114
206,Enrolled,Enrolled,0.1819451421594279,0.6734120836577284,0.14464277418284385
207,Graduate,Graduate,0.01687388801674516,0.04460282574568288,0.938523286237572
208,Dropout,Enrolled,0.41950911273600344,0.5022856718444955,0.07820521541950112
209,Enrolled,Enrolled,0.24643702329416617,0.6883776025561741,0.06518537414965984
210,Graduate,Graduate,0.10890899756128866,0.2513176267262946,0.6397733757124165
211,Graduate,Graduate,0.05766635745207173,0.035008084393177555,0.9073255581547506
212,Dropout,Dropout,0.8187853654282223,0.1706590790162219,0.010555555555555554
213,Graduate,Graduate,0.12348269151921908,0.14217035929030533,0.7343469491904752
214,Dropout,Enrolled,0.2794377447948877,0.3992652030509174,0.32129705215419496
215,Dropout,Enrolled,0.3962278911564625,0.5385340136054424,0.06523809523809525
216,Graduate,Graduate,0.09869820655534946,0.19708101422387134,0.7042207792207793
217,Graduate,Graduate,0.07473829531812726,0.1430847005468854,0.7821770041349871
218,Dropout,Dropout,0.44886065076354004,0.4390052056914016,0.11213414354505846
219,Graduate,Graduate,0.02787441643323996,0.03747052154195011,0.9346550620248102
220,Graduate,Graduate,0.07739057648700508,0.2720220129077272,0.6505874106052678
221,Graduate,Graduate,0.057103999175427744,0.30178313749742325,0.6411128633271491
222,Graduate,Graduate,0.3073917233560091,0.034176870748299316,0.6584314058956918
223,Dropout,Dropout,0.8178408154084846,0.1577965472288781,0.02436263736263736
224,Graduate,Graduate,0.17984878566811346,0.16487931069863843,0.6552719036332483
225,Dropout,Dropout,0.5570658627087197,0.3216382189239332,0.12129591836734695
226,Graduate,Graduate,0.1476642162868578,0.41632329455510053,0.43601248915804197
227,Graduate,Graduate,0.13916450216450219,0.4177558296045691,0.4430796682309286
228,Enrolled,Graduate,0.1625488559059988,0.3374120317983653,0.5000391122956359
229,Enrolled,Enrolled,0.2669301276065982,0.4359932720562973,0.2970766003371045
230,Dropout,Dropout,0.8866020408163267,0.10668367346938776,0.0067142857142857134
231,Graduate,Graduate,0.053514390371533216,0.13328533529962103,0.8132002743288459
232,Graduate,Graduate,0.0064365079365079365,0.057768430924952666,0.9357950611385393
233,Graduate,Graduate,0.06267717996289426,0.3602911850054707,0.5770316350316352
234,Dropout,Dropout,0.7951367679939108,0.18026799391085105,0.024595238095238094
235,Graduate,Graduate,0.02835714285714286,0.011666666666666665,0.9599761904761903
236,Graduate,Graduate,0.09119483955198243,0.07829679051107624,0.830508369936941
237,Graduate,Graduate,0.052699479504594526,0.007495058400718778,0.9398054620946865
238,Dropout,Enrolled,0.354358276643991,0.4996996294452742,0.14594209391073504
239,Graduate,Graduate,0.061493506493506496,0.12860389610389616,0.8099025974025972
240,Dropout,Enrolled,0.25543946497320663,0.6468514584782307,0.0977090765485629
241,Dropout,Dropout,0.9208460111317256,0.07724922696351268,0.0019047619047619048
242,Graduate,Graduate,0.16285490699776425,0.3995805900448758,0.43756450295736005
243,Graduate,Graduate,0.11454761904761904,0.3151737786023499,0.5702786023500309
244,Dropout,Dropout,0.5000748299319728,0.31825953411667685,0.18166563595135024
245,Graduate,Graduate,0.041605442176870754,0.06592176870748301,0.892472789115646
246,Dropout,Dropout,0.8178104514533082,0.1802847866419295,0.0019047619047619048
247,Dropout,Dropout,0.980121732903688,0.017497314715359827,0.0023809523809523807
248,Dropout,Dropout,0.7469523809523808,0.2000451453308596,0.05300247371675942
249,Graduate,Dropout,0.6519822521935619,0.16175001240426723,0.18626773540217065
250,Graduate,Graduate,0.011213952713952714,0.055794435723007144,0.9329916115630401
251,Dropout,Dropout,0.5009943310657595,0.3723662131519274,0.12663945578231295
252,Graduate,Graduate,0.125491341991342,0.2028837353123067,0.6716249226963512
253,Graduate,Graduate,0.042776128633271494,0.14395598845598845,0.8132678829107398
254,Graduate,Enrolled,0.13832278855537825,0.5139424807494573,0.3477347306951646
255,Enrolled,Dropout,0.47522175536881417,0.34143003868213956,0.18334820594904633
256,Enrolled,Dropout,0.8119262007833438,0.167582869511441,0.020490929705215426
257,Graduate,Graduate,0.03607509157509157,0.09570146520146522,0.8682234432234429
258,Graduate,Graduate,0.08436951144094001,0.2204029779744066,0.6952275105846537
259,Enrolled,Enrolled,0.03960884353741497,0.4874395235949858,0.4729516328675993
260,Graduate,Graduate,0.024774232681578374,0.02731601731601732,0.9479097500024045
261,Dropout,Graduate,0.06594501979896435,0.39338778850110356,0.540667191699932
262,Graduate,Graduate,0.0993664629021772,0.22878713350141924,0.6718464035964036
263,Enrolled,Enrolled,0.28305782312925165,0.6441893424036279,0.07275283446712016
264,Dropout,Graduate,0.14061255411255416,0.27720026798598235,0.5821871779014636
265,Graduate,Graduate,0.0771904761904762,0.13409523809523813,0.788714285714286
266,Graduate,Graduate,0.36680509650864135,0.18215205583701474,0.4510428476543439
267,Enrolled,Graduate,0.0691190476190476,0.21713740540053902,0.7137435469804132
268,Enrolled,Enrolled,0.16956200662083015,0.5328682745825603,0.2975697187966096
269,Dropout,Enrolled,0.2879682376938016,0.6559698217404987,0.05606194056569995
270,Graduate,Graduate,0.07490683222087162,0.16284265150294783,0.7622505162761802
271,Graduate,Graduate,0.04007142857142857,0.04298866213151927,0.9169399092970522
272,Enrolled,Dropout,0.5316946119832514,0.08931877502835592,0.3789866129883928
273,Dropout,Graduate,0.21084844720496895,0.2731865295505046,0.5159650232445262
274,Graduate,Enrolled,0.12819715956558067,0.4810152762859531,0.3907875641484663
275,Dropout,Dropout,0.6732883995703542,0.30763677049767274,0.019074829931972792
276,Enrolled,Enrolled,0.03944444444444444,0.7064213326356186,0.2541342229199372
277,Dropout,Dropout,0.5261816120387551,0.3564499072356215,0.11736848072562361
278,Graduate,Graduate,0.1130050505050505,0.11970068027210885,0.7672942692228407
279,Dropout,Dropout,0.6333712636569778,0.25168996083281797,0.11493877551020412
280,Dropout,Dropout,0.7256160791589361,0.2598601113172541,0.014523809523809522
281,Graduate,Graduate,0.16239146567717996,0.10773696145124717,0.7298715728715729
282,Dropout,Dropout,0.5072609771181199,0.19700546279117703,0.29573356009070295
283,Dropout,Dropout,0.5197642791703935,0.37269091670105875,0.10754480412854797
284,Graduate,Graduate,0.0034285714285714293,0.03666469762121936,0.9599067309502091
285,Graduate,Graduate,0.1072249912785627,0.06343947322518752,0.8293355354962498
286,Enrolled,Dropout,0.5979897959183673,0.28744784580498867,0.11456235827664399
287,Dropout,Graduate,0.09019079642448286,0.06533333916757098,0.844475864407946
288,Dropout,Dropout,0.5666089386803671,0.41643868036725185,0.01695238095238095
289,Graduate,Enrolled,0.311750566893424,0.4774319727891158,0.21081746031746026
290,Dropout,Enrolled,0.3532528344671202,0.414172335600907,0.23257482993197276
291,Enrolled,Graduate,0.08078257456828883,0.2515998604570034,0.6676175649747075
292,Dropout,Graduate,0.29401143764936033,0.32244606905698,0.3835424932936595
293,Dropout,Dropout,0.9020892599464029,0.08766244073386932,0.010248299319727892
294,Graduate,Graduate,0.07404837943428605,0.02156277056277056,0.9043888500029434
295,Graduate,Enrolled,0.17208826094540386,0.4450773591487878,0.38283437990580854
296,Graduate,Graduate,0.04901476954418131,0.09747433518862088,0.8535108952671975
297,Enrolled,Enrolled,0.18985499921966084,0.43078774400202985,0.3793572567783094
298,Graduate,Enrolled,0.08570428777571633,0.5491734693877551,0.3651222428365285
299,Enrolled,Graduate,0.12031533219348348,0.14329267040149393,0.7363919974050227
300,Graduate,Graduate,0.04263605442176871,0.03796439909297052,0.9193995464852606
301,Graduate,Graduate,0.05640476190476189,0.19994618873190304,0.7436490493633349
302,Graduate,Graduate,0.03687755102040816,0.056939229024943305,0.9061832199546486
303,Graduate,Enrolled,0.09597412904555763,0.47295691609977325,0.43106895485466934
304,Graduate,Enrolled,0.11876127112543972,0.5356659181307892,0.3455728107437709
305,Graduate,Graduate,0.022074829931972788,0.0684013605442177,0.9095238095238095
306,Graduate,Graduate,0.25442857142857145,0.24595196866625438,0.4996194599051743
307,Graduate,Graduate,0.037404761904761906,0.13096483663888092,0.8316304014563569
308,Dropout,Dropout,0.9687492269635126,0.02910791589363018,0.002142857142857143
309,Graduate,Graduate,0.1795914497125151,0.18261228749727546,0.6377962627902093
310,Graduate,Graduate,0.17513835370978226,0.191163233591805,0.6336984126984126
311,Graduate,Graduate,0.04249447895100069,0.11992715083398313,0.8375783702150157
312,Graduate,Graduate,0.06448261526832956,0.09682587782587784,0.8386915069057926
313,Graduate,Graduate,0.09197735063017454,0.1430882173382173,0.7649344320316078
314,Enrolled,Enrolled,0.18109580498866212,0.5556665635951349,0.2632376314162028
315,Graduate,Graduate,0.07799999999999999,0.07107142857142858,0.8509285714285716
316,Dropout,Dropout,0.9848277301894324,0.01403751803751804,0.0011347517730496454
317,Graduate,Graduate,0.08229385087368282,0.2737178274818699,0.6439883216444473
318,Enrolled,Dropout,0.5242630385487528,0.38738662131519275,0.0883503401360544
319,Enrolled,Enrolled,0.1439248114340076,0.5022310697864052,0.35384411877958727
320,Dropout,Enrolled,0.15007691713048854,0.4809602401566689,0.36896284271284263
321,Graduate,Graduate,0.07729777365491652,0.05297619047619048,0.8697260358688929
322,Dropout,Dropout,0.569218820861678,0.38680498866213164,0.04397619047619048
323,Graduate,Graduate,0.15343589743589742,0.1504233385661957,0.6961407639979067
324,Graduate,Graduate,0.05607042817126852,0.04622974644403217,0.8976998253846994
325,Dropout,Dropout,0.7656031746031744,0.1418321995464852,0.09256462585034013
326,Graduate,Graduate,0.2902346938775511,0.1055408163265306,0.6042244897959185
327,Dropout,Enrolled,0.35806536485377466,0.383600232202658,0.25833440294356746
328,Graduate,Graduate,0.06173964131106989,0.13505287569573285,0.8032074829931976
329,Graduate,Graduate,0.1139718451974091,0.2980937137215332,0.5879344410810577
330,Graduate,Graduate,0.02683331668331668,0.04068631368631369,0.9324803696303695
331,Graduate,Graduate,0.06354517852338676,0.2010438717860025,0.7354109496906108
332,Enrolled,Enrolled,0.10071221822062157,0.5631515384708662,0.33613624330851233
333,Graduate,Enrolled,0.17792063492063495,0.4619172335600907,0.3601621315192744
334,Dropout,Dropout,0.8467409021395732,0.1252483784211359,0.028010719439290864
335,Dropout,Dropout,0.5576122448979591,0.3164772211915069,0.12591053391053392
336,Enrolled,Enrolled,0.37028004882579524,0.5381164198740443,0.09160353130016051
337,Graduate,Graduate,0.1900770975056689,0.09876643990929705,0.7111564625850338
338,Dropout,Dropout,0.692457545581372,0.29005384158218916,0.017488612836438922
339,Graduate,Graduate,0.08377110263343085,0.4348930157224854,0.48133588164408364
340,Graduate,Graduate,0.14279408834372517,0.3152157713150449,0.5419901403412298
341,Dropout,Dropout,0.96837641723356,0.02962358276643991,0.002
342,Graduate,Graduate,0.07974452003023431,0.031712344533773106,0.8885431354359925
343,Graduate,Graduate,0.0711259631173424,0.07809310134310136,0.8507809355395564
344,Dropout,Dropout,0.9765578231292517,0.023442176870748302,0.0
345,Graduate,Enrolled,0.19358503401360544,0.47162698412698406,0.3347879818594106
346,Enrolled,Graduate,0.019465608465608464,0.02643760736617879,0.9540967841682128
347,Graduate,Enrolled,0.144537152905574,0.68110362048144,0.17435922661298608
348,Dropout,Dropout,0.9612666460523602,0.03873335394763966,0.0
349,Enrolled,Graduate,0.1005803244374673,0.3261510006284442,0.5732686749340885
350,Dropout,Dropout,0.5003820861678006,0.1997619047619048,0.2998560090702948
351,Dropout,Graduate,0.2865646258503402,0.234001133786848,0.47943424036281174
352,Graduate,Graduate,0.11463398179784738,0.08825388616985254,0.7971121320323001
353,Graduate,Enrolled,0.1771378066378066,0.4638021026592453,0.3590600907029479
354,Graduate,Graduate,0.07896712018140589,0.06536734693877552,0.8556655328798188
355,Enrolled,Enrolled,0.3683979591836736,0.5635895691609976,0.0680124716553288
356,Enrolled,Enrolled,0.28120755996025537,0.49896671492628375,0.2198257251134609
357,Graduate,Graduate,0.08294357230071515,0.2598873047587334,0.6571691229405516
358,Dropout,Dropout,0.9741078786124376,0.01995578231292517,0.0059363390746369465
359,Enrolled,Graduate,0.11862968460111319,0.22843715728715722,0.6529331581117296
360,Dropout,Dropout,0.45984825925497813,0.30127079446816557,0.2388809462768564
361,Graduate,Graduate,0.04520645227788084,0.1810503480134817,0.7737431997086375
362,Dropout,Dropout,0.9424455782312925,0.050547619047619056,0.007006802721088436
363,Dropout,Dropout,0.5419030096887241,0.4409745413316841,0.017122448979591837
364,Enrolled,Dropout,0.656433201718916,0.2898128300271157,0.053753968253968255
365,Dropout,Dropout,0.9578622448979592,0.042137755102040826,0.0
366,Dropout,Enrolled,0.3654058956916099,0.5420181405895691,0.09257596371882083
367,Graduate,Graduate,0.04758730158730159,0.22665701119157344,0.7257556872211249
368,Graduate,Graduate,0.07423536384250672,0.2053851346082389,0.7203795015492546
369,Graduate,Enrolled,0.10244036975791636,0.5086194184524929,0.3889402117895907
370,Enrolled,Enrolled,0.25335374149659856,0.5193594104308388,0.2272868480725623
371,Dropout,Dropout,0.7790280839608571,0.17679697333478844,0.044174942704354465
372,Graduate,Graduate,0.09760411118736143,0.19828699327702315,0.7041088955356154
373,Graduate,Enrolled,0.0898717006182318,0.5194989593441324,0.39062934003763594
374,Enrolled,Dropout,0.9266234796949081,0.06766223459080599,0.005714285714285714
375,Graduate,Graduate,0.04348972922502334,0.11377232408114764,0.8427379466938291
376,Dropout,Graduate,0.04967037724180581,0.11991341991341992,0.8304162028447744
377,Graduate,Graduate,0.058806122448979585,0.12798496991730074,0.8132089076337194
378,Graduate,Graduate,0.042828231292517,0.3337101985316271,0.6234615701758559
379,Dropout,Dropout,0.9427165532879818,0.053473922902494336,0.0038095238095238095
380,Dropout,Enrolled,0.42299910949535013,0.526609734042065,0.05039115646258504
381,Graduate,Graduate,0.13992731078445367,0.3281288513074228,0.5319438379081239
382,Graduate,Graduate,0.12091496598639456,0.14686054421768707,0.7322244897959185
383,Dropout,Dropout,0.7512462782214334,0.19024696835255842,0.05850675342600808
384,Graduate,Enrolled,0.18178684807256246,0.5046927437641724,0.3135204081632654
385,Enrolled,Enrolled,0.22126303854875284,0.7047437641723356,0.07399319727891156
386,Graduate,Graduate,0.1790915102637792,0.1842691728906015,0.636639316845619
387,Graduate,Dropout,0.4657482993197278,0.26624149659863944,0.26801020408163256
388,Dropout,Dropout,0.7502108869138694,0.16094377461849804,0.08884533846763236
389,Dropout,Dropout,0.9736523451485857,0.02087146437522377,0.005476190476190476
390,Dropout,Enrolled,0.22742197485054633,0.46097266593259617,0.31160535921685745
391,Dropout,Enrolled,0.2817383247181092,0.4560453621700252,0.2622163131118656
392,Graduate,Graduate,0.019748240676629423,0.07184450831614698,0.9084072510072235
393,Graduate,Graduate,0.10157553786206541,0.07224505840071879,0.8261794037372158
394,Graduate,Graduate,0.055271245828401414,0.19281348048418262,0.7519152736874161
395,Graduate,Graduate,0.06931972789115647,0.16692743764172335,0.7637528344671202
396,Graduate,Graduate,0.14155258709544422,0.15158233353947642,0.7068650793650795
397,Graduate,Graduate,0.09446518607442976,0.26400437610941807,0.641530437816152
398,Dropout,Enrolled,0.24646371882086177,0.6454805194805197,0.10805576169861883
399,Graduate,Graduate,0.2047313813717754,0.2807097310188442,0.5145588876093801
400,Enrolled,Enrolled,0.1738736263736264,0.4884451421594279,0.33768123146694584
401,Dropout,Graduate,0.15616740920688285,0.15192879384608712,0.6919037969470299
402,Dropout,Dropout,0.8748961093209214,0.11572293829812628,0.009380952380952382
403,Graduate,Graduate,0.09005102040816325,0.13801020408163267,0.7719387755102038
404,Graduate,Graduate,0.1430629719486862,0.12491469794926015,0.7320223301020535
405,Dropout,Dropout,0.877997706660217,0.080794555452017,0.04120773788776577
406,Graduate,Graduate,0.07282539682539681,0.20574999999999993,0.7214246031746031
407,Graduate,Graduate,0.1445718650989587,0.06872716965574112,0.7867009652453003
408,Graduate,Graduate,0.10893563579277858,0.04694027995813709,0.844124084249084
409,Graduate,Graduate,0.05157525831649275,0.1959651303813865,0.7524596113021205
410,Dropout,Dropout,0.9478303069777233,0.046320655534941246,0.00584903748733536
411,Dropout,Dropout,0.7822280711816066,0.0792454745309868,0.13852645428740643
412,Dropout,Dropout,0.7184299113584829,0.27025716347144924,0.011312925170068027
413,Graduate,Graduate,0.13705894105894106,0.08933690119404403,0.773604157747015
414,Graduate,Graduate,0.04627544351073762,0.16029055584937935,0.7934340006398829
415,Dropout,Enrolled,0.10836848072562358,0.44685330542473406,0.44477821384964256
416,Graduate,Enrolled,0.27644104308390016,0.4945629251700679,0.2289960317460317
417,Dropout,Dropout,0.9675396825396825,0.030317460317460316,0.002142857142857143
418,Enrolled,Enrolled,0.03778983172216254,0.7362689576505367,0.22594121062730096
419,Graduate,Graduate,0.14007493300350443,0.14584245256179734,0.7140826144346982
420,Dropout,Graduate,0.149812925170068,0.21540063904349616,0.6347864357864358
421,Graduate,Graduate,0.13207709750566893,0.32449376417233555,0.5434291383219955
422,Enrolled,Enrolled,0.12101071943929087,0.583968872397444,0.29502040816326536
423,Dropout,Enrolled,0.43957271775843215,0.5557044495187351,0.004722832722832723
424,Graduate,Enrolled,0.24292447235304374,0.4021474913974913,0.35492803624946495
425,Dropout,Enrolled,0.3718266971124114,0.45245674959960663,0.1757165532879819
426,Enrolled,Graduate,0.08023457453156702,0.45752037832676934,0.4622450471416638
427,Dropout,Dropout,0.9851235036650318,0.006019353477825238,0.008857142857142857
428,Graduate,Enrolled,0.20636404864976296,0.6370435477221192,0.15659240362811797
429,Graduate,Graduate,0.20588967381824533,0.2890244200244199,0.5050859061573347
430,Dropout,Dropout,0.9945568582042746,0.0017687074829931973,0.0036744343127321855
431,Enrolled,Enrolled,0.18943258328972623,0.6737646956218386,0.13680272108843544
432,Dropout,Dropout,0.9814795127353266,0.013282392026578074,0.005238095238095238
433,Dropout,Dropout,0.9784195011337868,0.01999319727891156,0.0015873015873015873
434,Graduate,Graduate,0.0660453514739229,0.08262131519274377,0.8513333333333333
435,Dropout,Dropout,0.9066874498348664,0.08979684601113172,0.0035157041540020257
436,Enrolled,Enrolled,0.3011299732014017,0.5979437229437229,0.10092630385487525
437,Enrolled,Enrolled,0.12438848609619281,0.48506484774623876,0.39054666615756845
438,Graduate,Graduate,0.20462968777254495,0.22883062968777246,0.5665396825396827
439,Graduate,Dropout,0.4171202844774272,0.2958649762935478,0.2870147392290249
440,Graduate,Graduate,0.06783735827502954,0.05303046772573909,0.8791321739992317
441,Graduate,Enrolled,0.2415733869305298,0.439933364254793,0.3184932488146774
442,Graduate,Enrolled,0.1246451247165533,0.5492273757988041,0.32612749948464237
443,Graduate,Graduate,0.13670116719624112,0.1302076313757158,0.733091201428043
444,Graduate,Dropout,0.47758227441920154,0.2508815299704788,0.27153619561031955
445,Enrolled,Enrolled,0.22658557866527804,0.7178497954843821,0.05556462585034013
446,Enrolled,Enrolled,0.2725071074814253,0.475857615186668,0.2516352773319066
447,Dropout,Enrolled,0.4487106202068607,0.5240852981604861,0.027204081632653063
448,Graduate,Graduate,0.05042433886287707,0.08747645211930927,0.8620992090178137
449,Graduate,Graduate,0.02491798941798942,0.03507864357864357,0.9400033670033667
450,Graduate,Graduate,0.17793661100803962,0.10282312925170069,0.7192402597402596
451,Dropout,Dropout,0.7763968253968255,0.21319501133786845,0.010408163265306122
452,Enrolled,Enrolled,0.41110379650668594,0.5260907550626651,0.06280544843064906
453,Graduate,Graduate,0.04706198034769463,0.1353668236525379,0.8175711959997677
454,Dropout,Dropout,0.9099863945578232,0.087156462585034,0.002857142857142857
455,Dropout,Dropout,0.8179638218923935,0.16794094001236862,0.014095238095238096
456,Enrolled,Graduate,0.10316687280972996,0.37531710866164647,0.5215160185286235
457,Dropout,Dropout,0.5440574255107349,0.3361005799716497,0.11984199451761536
458,Dropout,Dropout,0.7889911358482784,0.1932333539476396,0.01777551020408163
459,Graduate,Graduate,0.10482653061224491,0.1792216527267118,0.715951816661043
460,Graduate,Graduate,0.09552857718140109,0.06218748711605856,0.8422839357025406
461,Graduate,Graduate,0.0723707482993197,0.16778416821273962,0.7598450834879404
462,Graduate,Graduate,0.12765445665445666,0.3142556332556334,0.55808991008991
463,Dropout,Dropout,0.9118257060399916,0.08507905586477016,0.003095238095238095
464,Dropout,Enrolled,0.3566602762317048,0.5459356833642547,0.09740404040404041
465,Graduate,Graduate,0.031512471655328805,0.01638095238095238,0.9521065759637191
466,Graduate,Graduate,0.09758163265306122,0.43265646258503393,0.4697619047619049
467,Dropout,Dropout,0.8768900226757368,0.11603305424733995,0.007076923076923076
468,Graduate,Graduate,0.047365567765567766,0.15407427810284954,0.7985601541315828
469,Graduate,Graduate,0.08017361727299616,0.1563150090075556,0.7635113737194482
470,Dropout,Graduate,0.28729931972789113,0.2787256235827664,0.4339750566893423
471,Graduate,Graduate,0.08444341372912802,0.18373886827458255,0.731817717996289
472,Dropout,Dropout,0.9904545454545455,0.009545454545454544,0.0
473,Dropout,Graduate,0.10337755102040816,0.15332034632034633,0.7433021026592456
474,Dropout,Dropout,0.8528577519097843,0.12784354679151433,0.0192987012987013
475,Dropout,Dropout,0.8608582766439913,0.13761791383219957,0.0015238095238095239
476,Enrolled,Enrolled,0.22355303624946474,0.46970624018838325,0.30674072356215226
477,Graduate,Graduate,0.043238095238095235,0.08571428571428573,0.871047619047619
478,Dropout,Dropout,0.6275970933828078,0.20569542362399504,0.1667074829931973
479,Graduate,Graduate,0.06314614121510673,0.06583499849672748,0.871018860288166
480,Graduate,Graduate,0.0910194307608101,0.07086848072562357,0.8381120885135663
481,Dropout,Dropout,0.848857142857143,0.12793197278911567,0.023210884353741496
482,Dropout,Dropout,0.9180818387961247,0.07239435168006594,0.009523809523809523
483,Enrolled,Enrolled,0.3030809523809524,0.569891836734694,0.12702721088435381
484,Enrolled,Enrolled,0.14138208616780043,0.7495702947845806,0.10904761904761905
485,Enrolled,Enrolled,0.31370068027210873,0.5957845804988663,0.09051473922902493
486,Dropout,Enrolled,0.14112576477131739,0.6823845034869293,0.1764897317417533
487,Graduate,Graduate,0.023795656724228148,0.07332391418105705,0.9028804290947144
488,Graduate,Graduate,0.0326731363874221,0.11792708878423164,0.8493997748283459
489,Dropout,Dropout,0.9255379303236446,0.07255730777159351,0.0019047619047619048
490,Dropout,Dropout,0.7730092899179585,0.21305873729292568,0.013931972789115645
491,Graduate,Enrolled,0.16107911586163184,0.5649993442876925,0.27392153985067574
492,Graduate,Graduate,0.0730866562009419,0.15351800104657246,0.7733953427524851
493,Graduate,Graduate,0.136907029478458,0.25674716553287974,0.6063458049886623
494,Dropout,Graduate,0.2939468986290326,0.34350080319203546,0.3625522981789322
495,Graduate,Graduate,0.0506602762317048,0.06535213716580178,0.8839875866024934
496,Enrolled,Enrolled,0.3361825396825398,0.3866722325293752,0.2771452277880849
497,Enrolled,Enrolled,0.20997485352876757,0.4148015973647359,0.3752235491064965
498,Graduate,Graduate,0.039570037105751396,0.2081700680272108,0.7522598948670379
499,Dropout,Dropout,0.4145978783121639,0.37427685619702417,0.21112526549081168
500,Graduate,Graduate,0.07920223591108684,0.061121170496170475,0.8596765935927427
501,Dropout,Dropout,0.8875000000000002,0.07449752628324056,0.03800247371675943
502,Graduate,Enrolled,0.151068130282416,0.48426468769325925,0.36466718202432485
503,Dropout,Enrolled,0.031540816326530614,0.6560390403247547,0.3124201433487149
504,Graduate,Graduate,0.07691217512646083,0.208918240489669,0.71416958438387
505,Graduate,Graduate,0.1353874180465954,0.14831001933836965,0.7163025626150349
506,Enrolled,Enrolled,0.2651462585034013,0.4020487528344671,0.33280498866213165
507,Graduate,Graduate,0.25828231292517,0.2892324263038548,0.4524852607709751
508,Graduate,Dropout,0.494315192743764,0.2088116883116883,0.29687311894454754
509,Graduate,Graduate,0.2426711394634613,0.27511159105108807,0.4822172694854508
510,Graduate,Graduate,0.12707596371882085,0.17370408163265305,0.699219954648526
511,Dropout,Dropout,0.511061186912647,0.24477775261835014,0.24416106046900304
512,Graduate,Graduate,0.10953557474271759,0.09384829059829061,0.7966161346589921
513,Dropout,Dropout,0.9707959183673469,0.0223469387755102,0.006857142857142857
514,Graduate,Graduate,0.025563518430628065,0.06247108843537415,0.9119653931339977
515,Dropout,Dropout,0.6497800453514738,0.2610975056689342,0.0891224489795918
516,Dropout,Enrolled,0.3467027091538371,0.5994877670366393,0.05380952380952379
517,Graduate,Graduate,0.06904308390022676,0.07761119832548402,0.8533457177742894
518,Graduate,Enrolled,0.19308383353341338,0.44453014539149,0.36238602107509676
519,Graduate,Graduate,0.29410884353741495,0.20293990929705213,0.502951247165533
520,Enrolled,Enrolled,0.1493186456400743,0.6307964337250055,0.21988492063492074
521,Graduate,Enrolled,0.30729308390022686,0.42892913832199514,0.2637777777777777
522,Enrolled,Enrolled,0.15663140838948827,0.6788095870450824,0.1645590045654293
523,Dropout,Dropout,0.8732142857142855,0.08935374149659864,0.03743197278911564
524,Dropout,Dropout,0.9441277056277054,0.054919913419913424,0.0009523809523809524
525,Enrolled,Dropout,0.7612680097680097,0.2171537589394732,0.021578231292517003
526,Enrolled,Dropout,0.4392128184607175,0.24860560284719943,0.31218157869208285
527,Enrolled,Graduate,0.12270087294693642,0.41076080788304437,0.466538319170019
528,Dropout,Graduate,0.20014629228056666,0.3097586694212455,0.49009503829818757
529,Graduate,Graduate,0.11047335600907031,0.3239974707831851,0.5655291732077445
530,Graduate,Graduate,0.10567687074829932,0.29900120514406225,0.5953219241076383
531,Graduate,Graduate,0.053468144174665916,0.12611159337556854,0.8204202624497658
532,Graduate,Graduate,0.08739579468150897,0.18395578231292523,0.7286484230055659
533,Graduate,Graduate,0.3333809523809525,0.1806450216450216,0.485974025974026
534,Dropout,Dropout,0.6491094104308389,0.30168990929705214,0.04920068027210885
535,Enrolled,Dropout,0.9148095238095239,0.0826190476190476,0.0025714285714285713
536,Graduate,Enrolled,0.2213895945749999,0.4840115108053827,0.2945988946196177
537,Dropout,Dropout,0.9112144403215832,0.08521413110698825,0.0035714285714285713
538,Enrolled,Graduate,0.0755769521483807,0.34053507207078637,0.5838879757808326
539,Graduate,Graduate,0.029958152958152958,0.0369901738473167,0.9330516731945301
540,Graduate,Graduate,0.06467346938775509,0.25239053803339506,0.6829359925788495
541,Graduate,Graduate,0.12286368789940222,0.16937548156287147,0.7077608305377263
542,Graduate,Graduate,0.23760090702947845,0.2492902494331066,0.5131088435374149
543,Dropout,Dropout,0.7746008095545912,0.21816109520731358,0.007238095238095239
544,Graduate,Graduate,0.08519716162327001,0.10918648838845883,0.8056163499882711
545,Graduate,Dropout,0.5250680272108843,0.1144625850340136,0.360469387755102
546,Enrolled,Enrolled,0.20580900052328624,0.4361276818419678,0.3580633176347462
547,Enrolled,Enrolled,0.2998892948868318,0.44546020317941504,0.25465050193375316
548,Graduate,Graduate,0.0963340803362018,0.09990814175132418,0.803757777912474
549,Graduate,Enrolled,0.0869359501376308,0.4722839438805828,0.4407801059817867
550,Dropout,Dropout,0.9454860853432282,0.05315337043908472,0.0013605442176870747
551,Graduate,Enrolled,0.11748745104102247,0.5351606112141827,0.34735193774479495
552,Graduate,Graduate,0.04120754261432227,0.11470367758866551,0.8440887797970124
553,Enrolled,Enrolled,0.24410997732426304,0.405047619047619,0.35084240362811786
554,Enrolled,Enrolled,0.26556671899529044,0.4853652537938251,0.24906802721088436
555,Graduate,Graduate,0.07215883323026179,0.24786403268093418,0.6799771340888039
556,Dropout,Dropout,0.9256496598639455,0.05758843537414966,0.01676190476190476
557,Dropout,Dropout,0.8828545714936693,0.11071685707775936,0.0064285714285714285
558,Graduate,Graduate,0.12928367346938774,0.0943540816326531,0.7763622448979595
559,Graduate,Enrolled,0.21647569390820942,0.5237473641829516,0.259776941908839
560,Dropout,Dropout,0.9450910121624407,0.0456470830756545,0.009261904761904761
561,Graduate,Graduate,0.15700263640941603,0.21264554524481888,0.6303518183457651
562,Enrolled,Dropout,0.3971583739869339,0.2440848845893499,0.3587567414237168
563,Dropout,Dropout,0.8359641548927262,0.14524358974358972,0.018792255363683934
564,Graduate,Graduate,0.07701133786848072,0.2364825809111524,0.6865060812203668
565,Dropout,Dropout,0.7240040197897343,0.21170222634508346,0.06429375386518243
566,Graduate,Enrolled,0.14697052154195014,0.639545351473923,0.213484126984127
567,Graduate,Graduate,0.06321092255379245,0.07458904883117959,0.8622000286150282
568,Dropout,Dropout,0.8722445887445888,0.1063948670377242,0.021360544217687075
569,Graduate,Graduate,0.06390197897340755,0.0980921392272324,0.8380058817993602
570,Graduate,Graduate,0.12755215419501137,0.4219218880534667,0.450525957751522
571,Graduate,Graduate,0.03557530961102389,0.10304448725877298,0.8613802031302029
572,Graduate,Graduate,0.14380725623582769,0.2787545411146915,0.577438202649481
573,Graduate,Enrolled,0.42354164610046496,0.437256728940598,0.13920162495893698
574,Enrolled,Enrolled,0.24295060588337897,0.6456393531771685,0.11141004093945275
575,Graduate,Graduate,0.26284034219748514,0.27473129251700684,0.4624283652855081
576,Dropout,Graduate,0.15920748299319723,0.305860544217687,0.5349319727891159
577,Enrolled,Enrolled,0.2653881673881674,0.6028098330241187,0.13180199958771385
578,Dropout,Dropout,0.869809523809524,0.10214285714285716,0.028047619047619047
579,Graduate,Enrolled,0.22908460045717235,0.6229051215044463,0.14801027803838115
580,Graduate,Graduate,0.10711224489795915,0.12092460317460316,0.7719631519274375
581,Graduate,Enrolled,0.10361811997526285,0.509247990105133,0.38713388991960423
582,Enrolled,Graduate,0.07503126724785711,0.09243341246567054,0.8325353202864723
583,Enrolled,Enrolled,0.1815380333951763,0.4920115440115442,0.3264504225932797
584,Enrolled,Enrolled,0.27845024816453395,0.4605968793111649,0.26095287252430116
585,Graduate,Graduate,0.04278231292517007,0.18049787672644813,0.7767198103483819
586,Dropout,Graduate,0.39232323232323224,0.1622133580705009,0.4454634096062667
587,Graduate,Graduate,0.1380181405895692,0.30709450446845415,0.5548873549419769
588,Dropout,Graduate,0.3146523714380857,0.3373900147471576,0.3479576138147568
589,Graduate,Enrolled,0.253524637570384,0.47331400800020407,0.2731613544294122
590,Dropout,Dropout,0.4784247852263454,0.4695385768975303,0.052036637876124225
591,Dropout,Dropout,0.7101723075194989,0.2549705496233581,0.03485714285714286
592,Dropout,Dropout,0.7636598639455783,0.18686054421768714,0.049479591836734685
593,Dropout,Dropout,0.9807074829931972,0.016673469387755102,0.002619047619047619
594,Enrolled,Graduate,0.09957471264367815,0.34508743122173247,0.5553378561345893
595,Graduate,Graduate,0.019461477614301535,0.054838435374149654,0.9257000870115489
596,Enrolled,Enrolled,0.4427364460935889,0.5053270459699032,0.05193650793650793
597,Graduate,Graduate,0.2636655328798186,0.21996598639455772,0.5163684807256235
598,Graduate,Graduate,0.0855103519668737,0.1454252876178342,0.769064360415292
599,Dropout,Dropout,0.6339048596450073,0.2518598600359683,0.11423528031902418
600,Graduate,Graduate,0.053804112554112556,0.23906147820433535,0.7071344092415519
601,Dropout,Enrolled,0.2057764378478664,0.5545612244897956,0.2396623376623377
602,Enrolled,Enrolled,0.3777029478458049,0.5804659863945575,0.04183106575963718
603,Enrolled,Graduate,0.07167724867724867,0.3837683295540439,0.5445544217687075
604,Graduate,Enrolled,0.2468809999524286,0.39128144871002024,0.36183755133755136
605,Dropout,Graduate,0.2351686805258234,0.18943116010973154,0.5754001593644451
606,Dropout,Dropout,0.9864312567132115,0.013568743286788398,0.0
607,Enrolled,Enrolled,0.31789582639582625,0.5717595024023595,0.11034467120181406
608,Graduate,Graduate,0.0124875283446712,0.15697643306773743,0.8305360385875916
609,Graduate,Graduate,0.02678392551761197,0.07725268965835004,0.8959633848240378
610,Enrolled,Enrolled,0.24668645640074208,0.671405463293965,0.08190808030529281
611,Graduate,Graduate,0.018044479330193614,0.07682463369963372,0.9051308869701724
612,Graduate,Graduate,0.18028818800247376,0.25826901669758806,0.5614427952999381
613,Graduate,Graduate,0.017540816326530612,0.08011723990295418,0.9023419437705152
614,Graduate,Graduate,0.04560753532182104,0.13561451247165535,0.8187779522065236
615,Dropout,Dropout,0.961282233823762,0.034949058693244744,0.003768707482993197
616,Dropout,Dropout,0.5959613644248791,0.15139323620019493,0.25264539937492597
617,Graduate,Graduate,0.23666455194517994,0.20783756469094816,0.5554978833638717
618,Graduate,Graduate,0.20434693877551025,0.11682653061224489,0.6788265306122448
619,Dropout,Enrolled,0.38345394608059685,0.3853939930950735,0.2311520608243297
620,Graduate,Graduate,0.07036998186998185,0.23550774357917212,0.694122274550846
621,Graduate,Graduate,0.030860544217687077,0.038481711145996855,0.9306577446363159
622,Enrolled,Enrolled,0.29743764172335596,0.38435363842506703,0.31820871985157706
623,Graduate,Graduate,0.13108708938120706,0.3183442780621021,0.5505686325566908
624,Graduate,Graduate,0.09323140668854953,0.02593197278911565,0.8808366205223351
625,Dropout,Dropout,0.7402980115122971,0.16944819466248037,0.09025379382522239
626,Enrolled,Graduate,0.17815628815628812,0.37760324596038874,0.44424046588332294
627,Enrolled,Enrolled,0.38938204207064553,0.49053614300805315,0.12008181492130131
628,Graduate,Graduate,0.1355787648392691,0.32763071895424833,0.5367905162064827
629,Enrolled,Graduate,0.24511408136289456,0.3373604667073807,0.417525451929725
630,Enrolled,Enrolled,0.3866814058956916,0.4667960013273601,0.14652259277694824
631,Dropout,Enrolled,0.18648619188908117,0.5092853723035009,0.3042284358074181
632,Dropout,Dropout,0.9535976745308051,0.04455328798185941,0.0018490374873353593
633,Graduate,Graduate,0.022764378478664193,0.0352480674087817,0.941987554112554
634,Dropout,Graduate,0.2477835497835497,0.33818714618714624,0.41402930402930394
635,Dropout,Dropout,0.57243804188342,0.4015255435507537,0.02603641456582633
636,Graduate,Graduate,0.1802925170068027,0.15685147392290252,0.6628560090702948
637,Dropout,Dropout,0.9593686495874947,0.03568707482993197,0.0049442755825734545
638,Graduate,Graduate,0.26464409400123695,0.10514636157493301,0.63020954442383
639,Dropout,Dropout,0.6870374149659864,0.23213038548752837,0.08083219954648525
640,Graduate,Graduate,0.05229822251481237,0.3618940867120589,0.5858076907731284
641,Enrolled,Graduate,0.25494217687074827,0.26471161798052567,0.48034620514872617
642,Dropout,Enrolled,0.17208230856445147,0.594507042560614,0.23341064887493465
643,Graduate,Graduate,0.07637758239000476,0.03770841063698206,0.8859140069730128
644,Dropout,Dropout,0.9711995464852607,0.02618140589569161,0.002619047619047619
645,Graduate,Graduate,0.36965338470175596,0.0777236632682422,0.5526229520300018
646,Graduate,Graduate,0.05024860983000518,0.08335703978561121,0.8663943503843835
647,Graduate,Graduate,0.38187925913643594,0.16661972827367535,0.45150101258988873
648,Graduate,Enrolled,0.13224433952685555,0.4951670932054415,0.372588567267703
649,Graduate,Graduate,0.05933019361590789,0.06862622100122101,0.8720435853828715
650,Dropout,Dropout,0.6905389610389611,0.1819848484848485,0.12747619047619047
651,Dropout,Dropout,0.5298673469387757,0.3047097505668935,0.16542290249433111
652,Dropout,Dropout,0.5213997372056529,0.24900967799103285,0.22959058480331426
653,Dropout,Dropout,0.9107866419294991,0.07454669140383426,0.014666666666666665
654,Graduate,Graduate,0.08731292517006801,0.10016606642657062,0.8125210084033611
655,Graduate,Graduate,0.03492063492063493,0.16141609977324264,0.8036632653061225
656,Enrolled,Graduate,0.0731282051282051,0.39877856270713413,0.5280932321646606
657,Graduate,Graduate,0.05760457916173475,0.1732885371735251,0.7691068836647402
658,Dropout,Dropout,0.905686147186147,0.08598051948051948,0.008333333333333333
659,Graduate,Graduate,0.11581432573029213,0.37560992578849706,0.5085757484812108
660,Dropout,Dropout,0.7754583202511773,0.193033743240886,0.0315079365079365
661,Graduate,Graduate,0.15056450650435613,0.3972075839782607,0.4522279095173832
662,Graduate,Graduate,0.060165635951350244,0.25612296433725007,0.6837113997113998
663,Enrolled,Enrolled,0.4076303854875285,0.4883797155225727,0.10398989898989901
664,Enrolled,Graduate,0.17946145124716564,0.24695578231292514,0.5735827664399091
665,Graduate,Graduate,0.1390907029478458,0.37949206349206344,0.4814172335600907
666,Graduate,Graduate,0.09271489149365524,0.016564471243042674,0.8907206372633024
667,Dropout,Dropout,0.8521666666666668,0.1286111111111111,0.019222222222222224
668,Dropout,Dropout,0.7664115646258499,0.167853638425067,0.06573479694908264
669,Dropout,Dropout,0.7505850340136055,0.20122448979591828,0.04819047619047618
670,Graduate,Graduate,0.356602425202717,0.12406946128908247,0.5193281135082005
671,Enrolled,Enrolled,0.1595286538857968,0.5937819006390432,0.24668944547515975
672,Dropout,Dropout,0.7605344313163864,0.2191957274137725,0.020269841269841268
673,Graduate,Graduate,0.02207554600787684,0.19339467716911327,0.7845297768230097
674,Dropout,Dropout,0.7679135744387846,0.20951159562924274,0.02257482993197279
675,Dropout,Enrolled,0.3015942073799216,0.591919398062255,0.10648639455782315
676,Graduate,Graduate,0.0719230055658627,0.11635374149659868,0.8117232529375384
677,Graduate,Graduate,0.10482403182403183,0.2660812203669347,0.6290947478090335
678,Dropout,Graduate,0.20912105062856937,0.15512512474993673,0.6357538246214937
679,Graduate,Graduate,0.07786505875077303,0.04423809523809524,0.8778968460111313
680,Graduate,Graduate,0.1151799628942486,0.2130359719645434,0.6717840651412081
681,Graduate,Graduate,0.029252937538651824,0.024371882086167796,0.9463751803751804
682,Graduate,Enrolled,0.14195342917041037,0.5820330295640271,0.27601354126556293
683,Enrolled,Enrolled,0.48773151927437647,0.49314263038548756,0.019125850340136055
684,Graduate,Graduate,0.2558535670678527,0.31268601240029825,0.4314604205318492
685,Graduate,Graduate,0.03608843537414966,0.1456196660482375,0.8182918985776131
686,Dropout,Graduate,0.3719105674948284,0.1923620490391534,0.43572738346601814
687,Dropout,Enrolled,0.37621694575265996,0.5289502878074308,0.09483276643990927
688,Enrolled,Enrolled,0.32157256235827647,0.580642857142857,0.09778458049886617
689,Graduate,Graduate,0.29134013605442177,0.20944897959183678,0.49921088435374145
690,Dropout,Enrolled,0.15751029520284177,0.5174444115810577,0.32504529321610065
691,Dropout,Enrolled,0.27545603696023857,0.6671946233038673,0.057349339735894345
692,Graduate,Graduate,0.01793197278911565,0.01454720133667502,0.9675208258742095
693,Graduate,Graduate,0.24085450700454888,0.25061097578233155,0.5085345172131198
694,Graduate,Graduate,0.1365714285714286,0.12483333333333334,0.7385952380952382
695,Enrolled,Dropout,0.5775013938589789,0.3262082233212264,0.09629038281979457
696,Dropout,Enrolled,0.10976087404658835,0.5637921107837078,0.3264470151697043
697,Dropout,Dropout,0.6645326736755309,0.30665780251494545,0.028809523809523813
698,Graduate,Enrolled,0.12066999305577032,0.5064216932592503,0.3729083136849794
699,Dropout,Dropout,0.5447586588015159,0.43896295292009574,0.01627838827838828
700,Dropout,Dropout,0.966983714698,0.03158771387342816,0.0014285714285714286
701,Enrolled,Graduate,0.12640572126286412,0.2887189952904239,0.584875283446712
702,Graduate,Graduate,0.14028480997888002,0.36555989525598687,0.49415529476513287
703,Dropout,Dropout,0.9280816326530612,0.0690612244897959,0.002857142857142857
704,Graduate,Graduate,0.032932112434416586,0.08609124312707263,0.8809766444385108
705,Enrolled,Enrolled,0.1165385487528345,0.6767358276643991,0.20672562358276642
706,Graduate,Graduate,0.036276177845143365,0.07247992511046697,0.8912438970443897
707,Graduate,Graduate,0.07132571000428144,0.09979537129537128,0.828878918700347
708,Graduate,Graduate,0.005049019607843137,0.06998790627362056,0.9249630741185363
709,Graduate,Graduate,0.021193877551020406,0.07829431403655006,0.9005118084124297
710,Graduate,Graduate,0.02555442176870748,0.18667408781694494,0.7877714904143475
711,Dropout,Dropout,0.992501611863314,0.007316017316017316,0.000182370820668693
712,Graduate,Dropout,0.3914997011059374,0.299029642413766,0.30947065648029703
713,Graduate,Graduate,0.06079931972789117,0.10740702947845802,0.8317936507936509
714,Graduate,Graduate,0.12219645684307338,0.23714200920215955,0.640661533954767
715,Graduate,Graduate,0.09257323277136942,0.07046831065759636,0.8369584565710342
716,Graduate,Graduate,0.03992628324056895,0.10647186147186145,0.8536018552875698
717,Graduate,Graduate,0.1751700680272109,0.2277528344671201,0.5970770975056688
718,Enrolled,Dropout,0.7858770560917071,0.21253909297661583,0.0015838509316770187
719,Graduate,Enrolled,0.25713249542241146,0.49050342561266924,0.2523640789649192
720,Graduate,Graduate,0.05412626836764768,0.06189163217734647,0.8839820994550059
721,Graduate,Graduate,0.16307482993197278,0.3648253968253967,0.4720997732426305
722,Graduate,Enrolled,0.208841095412524,0.45488112680969833,0.33627777777777773
723,Graduate,Graduate,0.02442376142376142,0.06634673263244693,0.9092295059437916
724,Graduate,Graduate,0.09457683933911024,0.06088076868088388,0.844542391980006
725,Dropout,Graduate,0.1684115646258503,0.23289455782312923,0.5986938775510207
726,Graduate,Graduate,0.07041180070978592,0.04242093089961754,0.8871672683905968
727,Enrolled,Enrolled,0.16493791838904626,0.7525662044722194,0.08249587713873427
728,Dropout,Dropout,0.890287845359274,0.10290263083120225,0.00680952380952381
729,Graduate,Graduate,0.049331168831168844,0.2419330748616463,0.7087357563071848
730,Dropout,Dropout,0.9311190476190477,0.05496938775510205,0.013911564625850342
731,Graduate,Graduate,0.17957369614512472,0.22786621315192732,0.592560090702948
732,Enrolled,Enrolled,0.12214116888797064,0.5089988138583693,0.36886001725366
733,Graduate,Graduate,0.12263048855906003,0.12183029001074117,0.7555392214301987
734,Graduate,Graduate,0.02126190476190476,0.05954761904761905,0.9191904761904762
735,Dropout,Dropout,0.933030612244898,0.059826530612244896,0.007142857142857143
736,Enrolled,Enrolled,0.13704566068851787,0.687317745746317,0.1756365935651651
737,Dropout,Dropout,0.7091965574108432,0.25226489383632245,0.038538548752834474
738,Enrolled,Graduate,0.33446232757969135,0.07732349409606179,0.5882141783242469
739,Graduate,Graduate,0.09688229479879726,0.14787710496946943,0.7552406002317333
740,Enrolled,Graduate,0.10754280904280904,0.24772938569367145,0.6447278052635197
741,Graduate,Graduate,0.029548752834467118,0.10213336913712855,0.8683178780284043
742,Dropout,Dropout,0.5363752834467123,0.34359410430839,0.12003061224489794
743,Graduate,Graduate,0.021040816326530612,0.08657369614512471,0.8923854875283447
744,Graduate,Dropout,0.6013148835291692,0.19164311482168622,0.20704200164914463
745,Enrolled,Dropout,0.6241769738198312,0.25443867243867246,0.12138435374149659
746,Dropout,Dropout,0.3774794174079888,0.3669552590266876,0.25556532356532363
747,Dropout,Dropout,0.9587597402597402,0.03156029684601114,0.00967996289424861
748,Dropout,Dropout,0.8687731635289772,0.09581867320571641,0.035408163265306124
749,Graduate,Graduate,0.09907823129251699,0.3686779788838612,0.5322437898236219
750,Graduate,Graduate,0.10361746312627827,0.3660281955534742,0.5303543413202474
751,Graduate,Graduate,0.08829705215419502,0.09337425273139559,0.8183286951144095
752,Graduate,Graduate,0.11104068900287388,0.24372982526343873,0.6452294857336877
753,Enrolled,Enrolled,0.3355718408575552,0.5494901051329621,0.11493805400948261
754,Graduate,Graduate,0.08085034013605444,0.4182832405689547,0.5008664192949909
755,Enrolled,Graduate,0.07838379530916847,0.328691703049379,0.5929245016414527
756,Graduate,Graduate,0.0997977318248254,0.10908788592360019,0.7911143822515742
757,Enrolled,Enrolled,0.33196134558692403,0.5188821933162883,0.14915646109678785
758,Graduate,Graduate,0.060640280354566055,0.1283433312719027,0.8110163883735311
759,Dropout,Dropout,0.9312782521798606,0.05822722153280337,0.010494526287336126
760,Graduate,Graduate,0.07317930402930403,0.1100765306122449,0.8167441653584514
761,Graduate,Graduate,0.07093083900226757,0.02414285714285714,0.904926303854875
762,Graduate,Enrolled,0.15653638425066996,0.553115543186972,0.2903480725623583
763,Enrolled,Dropout,0.4020786435786435,0.3856871779014637,0.21223417851989287
764,Graduate,Graduate,0.10684013605442177,0.37437755102040804,0.51878231292517
765,Graduate,Graduate,0.09969047619047619,0.027696825396825397,0.8726126984126982
766,Enrolled,Enrolled,0.17807050092764382,0.5904771241830067,0.23145237488934978
767,Dropout,Dropout,0.764794423830138,0.22850489589775297,0.006700680272108844
768,Graduate,Graduate,0.021625615763546796,0.10222212899306495,0.8761522552433886
769,Graduate,Graduate,0.14389200680272105,0.2829152494331065,0.5731927437641723
770,Graduate,Graduate,0.13423242630385485,0.16303741496598634,0.7027301587301588
771,Graduate,Graduate,0.051500000000000004,0.161656462585034,0.7868435374149659
772,Dropout,Dropout,0.9815809165771572,0.010252416756176153,0.008166666666666668
773,Graduate,Graduate,0.06790476190476191,0.10162244897959186,0.830472789115646
774,Graduate,Graduate,0.1139531774125427,0.0694888202367194,0.8165580023507376
775,Graduate,Graduate,0.09422108843537413,0.20945011337868485,0.6963287981859411
776,Graduate,Graduate,0.11880158730158732,0.3164773242630386,0.5647210884353743
777,Enrolled,Enrolled,0.23283498247783968,0.6825149453720882,0.08465007215007214
778,Graduate,Graduate,0.3107457905139445,0.27588587895776673,0.4133683305282888
779,Dropout,Dropout,0.8237570088641516,0.12114548546691402,0.05509750566893423
780,Graduate,Enrolled,0.12321930677032716,0.6385243543304768,0.23825633889919598
781,Graduate,Dropout,0.3843094325852946,0.3235221805197174,0.2921683868949879
782,Graduate,Graduate,0.11847902494331064,0.08378901257472686,0.7977319624819625
783,Enrolled,Graduate,0.09634013605442178,0.15087074829931976,0.7527891156462585
784,Dropout,Dropout,0.971424036281179,0.02619501133786848,0.0023809523809523807
785,Dropout,Dropout,0.6024162662734092,0.31153704232275664,0.08604669140383425
786,Graduate,Graduate,0.0399234693877551,0.05336899608328179,0.9067075345289631
787,Dropout,Dropout,0.6464059987631416,0.31559400123685843,0.038
788,Dropout,Dropout,0.945523566099554,0.05000834879406309,0.004468085106382979
789,Graduate,Graduate,0.056646980004122854,0.11460853432282003,0.8287444856730571
790,Graduate,Enrolled,0.09541609977324263,0.4571802902979375,0.44740360992882
791,Graduate,Graduate,0.028535456606885178,0.10941950113378685,0.862045042259328
792,Enrolled,Enrolled,0.34055661798518944,0.47419015904730194,0.1852532229675087
793,Dropout,Dropout,0.850536899608328,0.13705947227375803,0.012403628117913831
794,Graduate,Graduate,0.29141738070872053,0.271776739684484,0.4368058796067956
795,Graduate,Enrolled,0.18352267573696146,0.4605804988662134,0.3558968253968254
796,Dropout,Dropout,0.952178107606679,0.04282189239332096,0.005
797,Graduate,Graduate,0.08497990105132963,0.3176118326118325,0.5974082663368374
798,Enrolled,Enrolled,0.2407632966008872,0.4431861405255966,0.3160505628735164
799,Dropout,Dropout,0.9882418716035738,0.010861471861471862,0.0008966565349544073
800,Enrolled,Enrolled,0.2555102556173985,0.4537950847005467,0.2906946596820546
801,Dropout,Graduate,0.018596549591623483,0.09212689089782686,0.8892765595105496
802,Graduate,Graduate,0.030328824553077043,0.12668480725623582,0.842986368190687
803,Graduate,Graduate,0.14520298422399264,0.2413355069300447,0.613461508845963
804,Dropout,Dropout,0.7152166177448026,0.27071080951900917,0.014072572736188298
805,Graduate,Graduate,0.043158454909268174,0.06376871331723086,0.8930728317735008
806,Dropout,Dropout,0.9857652270210411,0.010901439645625692,0.003333333333333333
807,Dropout,Graduate,0.03216893424036281,0.06401731601731601,0.9038137497423213
808,Enrolled,Graduate,0.1311246896984224,0.2286807841416137,0.640194526159964
809,Graduate,Graduate,0.07710374708096956,0.0988406271599549,0.8240556257590759
810,Dropout,Dropout,0.5076869717584004,0.4012253143681715,0.09108771387342816
811,Dropout,Dropout,0.7278878423164137,0.25587406244549116,0.016238095238095232
812,Enrolled,Enrolled,0.4386586270871985,0.45950646972075543,0.10183490319204606
813,Dropout,Enrolled,0.373190737833595,0.553166301952016,0.07364296021438878
814,Graduate,Graduate,0.05182398991481922,0.08894164157944483,0.859234368505736
815,Graduate,Graduate,0.16397252058718229,0.2855831841508533,0.5504442952619644
816,Enrolled,Enrolled,0.35280317460317456,0.596755782312925,0.050441043083900225
817,Dropout,Graduate,0.051957899243613534,0.2598652696509839,0.6881768311054027
818,Graduate,Graduate,0.0810367375461715,0.08961428044851227,0.8293489820053161
819,Dropout,Graduate,0.2909931972789116,0.27972769107643064,0.4292791116446579
820,Dropout,Graduate,0.08896902094171,0.3092796420621034,0.6017513369961862
821,Graduate,Graduate,0.259795918367347,0.1842619047619048,0.5559421768707481
822,Graduate,Enrolled,0.1841241717466208,0.5600960683307624,0.25577975992261714
823,Dropout,Dropout,0.9844761904761906,0.014095238095238096,0.0014285714285714286
824,Graduate,Enrolled,0.07093767343767342,0.485731157731158,0.44333116883116874
825,Dropout,Dropout,0.846749433106576,0.14288548752834465,0.010365079365079365
826,Enrolled,Enrolled,0.2660483018703824,0.510603657554976,0.22334804057464155
827,Graduate,Graduate,0.03970521541950114,0.09152411331358702,0.8687706712669117
828,Enrolled,Enrolled,0.23304060974958207,0.5110648459338217,0.2558945443165966
829,Graduate,Graduate,0.16512508549374047,0.2542936155608034,0.5805812989454562
830,Dropout,Dropout,0.7941428571428572,0.14973015873015869,0.05612698412698412
831,Dropout,Enrolled,0.4628403207436823,0.49220929910425687,0.044950380152060834
832,Dropout,Graduate,0.1032181865753294,0.3086618857333144,0.5881199276913563
833,Dropout,Dropout,0.9509331065759637,0.046495464852607714,0.0025714285714285713
834,Dropout,Dropout,0.9759455782312927,0.010530612244897958,0.013523809523809525
835,Graduate,Graduate,0.02206122448979592,0.14235487528344673,0.8355839002267577
836,Enrolled,Enrolled,0.23349677223361426,0.6736392821881543,0.09286394557823126
837,Enrolled,Enrolled,0.3240022239665097,0.43469732251875126,0.2413004535147392
838,Dropout,Dropout,0.8179893414855821,0.17536230686606624,0.006648351648351648
839,Graduate,Graduate,0.09394061459589409,0.09758355136926564,0.8084758340348401
840,Dropout,Dropout,0.967234693877551,0.03124149659863945,0.0015238095238095239
841,Enrolled,Enrolled,0.10245432426529032,0.6987486877571287,0.1987969879775809
842,Graduate,Enrolled,0.20702628324056896,0.4342834467120182,0.358690270047413
843,Dropout,Enrolled,0.169244403772438,0.5179857975977279,0.31276979862983445
844,Enrolled,Graduate,0.2954348508634224,0.26229661608233035,0.4422685330542474
845,Graduate,Graduate,0.09826126126126125,0.1777403628117914,0.7239983759269473
846,Graduate,Graduate,0.1072240167534145,0.07743775336286857,0.8153382298837168
847,Dropout,Dropout,0.6994386010814582,0.24875187510901797,0.0518095238095238
848,Dropout,Enrolled,0.33183632783256856,0.5996933567685451,0.0684703153988868
849,Dropout,Dropout,0.7745702156831723,0.21038216526920844,0.015047619047619044
850,Enrolled,Graduate,0.10884817563388996,0.13721799628942488,0.7539338280766851
851,Graduate,Graduate,0.05141625615763547,0.10951051329622762,0.8390732305461371
852,Graduate,Graduate,0.21466954474097333,0.15496214896214894,0.6303683062968777
853,Graduate,Graduate,0.10010336454435834,0.03588083345226203,0.8640158020033794
854,Dropout,Dropout,0.6899535147392291,0.14030498866213154,0.16974149659863946
855,Dropout,Dropout,0.7912551020408163,0.13828458049886622,0.07046031746031745
856,Dropout,Enrolled,0.3615476190476191,0.5964047619047619,0.04204761904761905
857,Dropout,Dropout,0.9671496598639455,0.03285034013605442,0.0
858,Graduate,Enrolled,0.28718027210884345,0.4485123685837972,0.26430735930735944
859,Graduate,Graduate,0.09740150842945874,0.24159701271813064,0.6610014788524107
860,Dropout,Dropout,0.9850952380952381,0.01061904761904762,0.004285714285714286
861,Graduate,Graduate,0.07114648688900355,0.031041543661489743,0.8978119694495068
862,Graduate,Graduate,0.07439871504157218,0.03594871794871795,0.8896525670097098
863,Dropout,Dropout,0.8226688286650693,0.15566450466826406,0.021666666666666667
864,Dropout,Dropout,0.7076911976911976,0.24954916512059372,0.04275963718820862
865,Graduate,Graduate,0.06168210050818746,0.1448954048022371,0.7934224946895755
866,Dropout,Dropout,0.9950877192982457,0.0025313283208020045,0.0023809523809523807
867,Enrolled,Dropout,0.7267993197278911,0.21020068027210884,0.063
868,Graduate,Graduate,0.07364511830373174,0.08571547453480226,0.8406394071614662
869,Graduate,Graduate,0.01662018140589569,0.22197345077282965,0.7614063678212746
870,Graduate,Graduate,0.19296145124716554,0.12637188208616779,0.6806666666666666
871,Graduate,Graduate,0.2602842810080007,0.26210957087237413,0.4776061481196254
872,Enrolled,Graduate,0.186932652901126,0.35524558683519325,0.45782176026368065
873,Dropout,Dropout,0.9505639097744362,0.04175581811672037,0.007680272108843537
874,Graduate,Graduate,0.040561873840445274,0.13464855862600228,0.8247895675335524
875,Graduate,Graduate,0.15826097711811998,0.20360904968047824,0.6381299732014019
876,Graduate,Enrolled,0.17764412571555432,0.4922867962467269,0.33006907803771923
877,Enrolled,Graduate,0.17634510023448852,0.36241808806788284,0.46123681169762865
878,Graduate,Dropout,0.6580034013605441,0.23317800453514737,0.10881859410430839
879,Dropout,Enrolled,0.28050549598370433,0.5220892232599256,0.19740528075637034
880,Dropout,Graduate,0.2938626373626374,0.2677326007326008,0.4384047619047621
881,Graduate,Graduate,0.2629047619047619,0.26017800453514733,0.47691723356009075
882,Graduate,Graduate,0.05662364343730804,0.14079507655905174,0.8025812800036402
883,Graduate,Graduate,0.25791156462585046,0.13809523809523808,0.6039931972789115
884,Enrolled,Graduate,0.09363771804455033,0.3851221518302264,0.5212401301252235
